,Column1,시도명,시군구명,읍/면/동,등록인구수,인구밀도,어린이보호구역개수
0,6,서울특별시,종로구,가회동,4418,0.000442938,2
1,5,서울특별시,종로구,교남동,10634,0.00106614,0
2,4,서울특별시,종로구,무악동,8592,0.000861414,2
3,2,서울특별시,종로구,부암동,10333,0.001035962,2
4,0,서울특별시,종로구,사직동,9806,0.000983126,2
5,1,서울특별시,종로구,삼청동,2909,0.000291649,0
6,15,서울특별시,종로구,숭인동,16566,0.001660868,6
7,13,서울특별시,종로구,이화동,8111,0.00081319,2
8,7,서울특별시,종로구,종로1가,2112,0.000211744,0
9,8,서울특별시,종로구,종로2가,2112,0.000211744,0
10,9,서울특별시,종로구,종로3가,2112,0.000211744,0
11,10,서울특별시,종로구,종로4가,2113,0.000211844,0
12,11,서울특별시,종로구,종로5가,2845,0.000285233,0
13,12,서울특별시,종로구,종로6가,2846,0.000285333,2
14,14,서울특별시,종로구,창신동,22574,0.002263216,10
15,16,서울특별시,종로구,청운동,12633,0.001266555,4
16,3,서울특별시,종로구,평창동,18582,0.001862988,4
17,17,서울특별시,종로구,혜화동,19734,0.001978484,6
