시도명,시군구명,읍/면/동,설치유무,등록인구수,어린이보호구역개수,화재발생횟수,인구밀도_x,범죄총계(구),예상범죄횟수,인구밀도_y,관광지개수
강원도,강릉시,주문진읍,1.0,17085.0,8.0,0.0,0.01,328.0,3.59,0.0109427129601815,1.0
강원도,강릉시,성산면,0.0,3393.0,3.0,0.0,0.0,328.0,0.71,0.0021731709144803,1.0
강원도,강릉시,왕산면,0.0,1648.0,2.0,0.0,0.0,328.0,0.35,0.0010555218588457,0.0
강원도,강릉시,구정면,0.0,4096.0,5.0,0.0,0.0,328.0,0.86,0.0026234329695583,0.0
강원도,강릉시,강동면,1.0,4690.0,3.0,0.0,0.0,328.0,0.99,0.0030038819890694,0.0
강원도,강릉시,옥계면,0.0,3857.0,4.0,0.0,0.0,328.0,0.81,0.002470356680563,1.0
강원도,강릉시,사천면,0.0,4601.0,3.0,0.0,0.0,328.0,0.97,0.0029468786847992,0.0
강원도,강릉시,연곡면,0.0,6871.0,3.0,0.0,0.0,328.0,1.44,0.0044007831869714,1.0
강원도,강릉시,홍제동,0.0,14729.0,2.0,0.0,0.01,328.0,3.09,0.0094337266134336,0.0
강원도,강릉시,중앙동,0.0,5425.0,0.0,0.0,0.0,328.0,1.14,0.0034746396142221,0.0
강원도,강릉시,옥천동,0.0,3694.0,2.0,0.0,0.0,328.0,0.78,0.0023659573704952,0.0
강원도,강릉시,교1동,0.0,27236.0,3.0,0.0,0.02,328.0,5.72,0.0174442920798071,0.0
강원도,강릉시,교2동,0.0,8284.0,4.0,0.0,0.01,328.0,1.74,0.0053057907030813,0.0
강원도,강릉시,포남1동,0.0,11184.0,3.0,0.0,0.01,328.0,2.35,0.0071632017410986,0.0
강원도,강릉시,포남2동,0.0,14191.0,4.0,0.0,0.01,328.0,2.98,0.0090891448415532,0.0
강원도,강릉시,초당동,0.0,5146.0,1.0,0.0,0.0,328.0,1.08,0.0032959438626335,0.0
강원도,강릉시,송정동,0.0,7093.0,2.0,0.0,0.0,328.0,1.49,0.0045429712043645,0.0
강원도,강릉시,내곡동,0.0,16059.0,2.0,0.0,0.01,328.0,3.37,0.0102855737446623,0.0
강원도,강릉시,강남동,0.0,19111.0,0.0,0.0,0.01,328.0,4.01,0.0122403387405344,0.0
강원도,강릉시,성덕동,0.0,29100.0,0.0,0.0,0.02,328.0,6.11,0.0186381590366569,0.0
강원도,강릉시,경포동,0.0,7746.0,0.0,0.0,0.0,328.0,1.63,0.0049612089312008,0.0
강원도,고성군,간성읍,0.0,7408.0,4.0,0.0,0.0,2114.0,10.03,0.0047447244722871,0.0
강원도,고성군,거진읍,0.0,6911.0,2.0,0.0,0.0,2114.0,9.36,0.0044264026495648,2.0
강원도,고성군,현내면,0.0,2528.0,1.0,0.0,0.0,2114.0,3.42,0.0016191500358992,2.0
강원도,고성군,죽왕면,0.0,4004.0,2.0,0.0,0.0,2114.0,5.42,0.0025645082055936,1.0
강원도,고성군,토성면,0.0,8267.0,3.0,0.0,0.01,2114.0,11.19,0.0052949024314791,0.0
강원도,동해시,천곡동,0.0,30768.0,11.0,0.0,0.02,190.0,3.74,0.0197064906267993,0.0
강원도,동해시,송정동,0.0,4575.0,2.0,0.0,0.0,190.0,0.56,0.0029302260341135,0.0
강원도,동해시,북삼동,0.0,20554.0,0.0,0.0,0.01,190.0,2.5,0.0131645608535892,0.0
강원도,동해시,부곡동,0.0,5691.0,2.0,0.0,0.0,190.0,0.69,0.0036450090404678,0.0
강원도,동해시,동호동,0.0,4982.0,0.0,0.0,0.0,190.0,0.61,0.0031909040660008,0.0
강원도,동해시,발한동,0.0,4019.0,5.0,0.0,0.0,190.0,0.49,0.0025741155040661,0.0
강원도,동해시,묵호동,0.0,3668.0,0.0,0.0,0.0,190.0,0.45,0.0023493047198095,0.0
강원도,동해시,북평동,0.0,10651.0,2.0,0.0,0.01,190.0,1.3,0.0068218224020423,0.0
강원도,동해시,망상동,0.0,4035.0,2.0,0.0,0.0,190.0,0.49,0.0025843632891034,1.0
강원도,동해시,삼화동,0.0,3194.0,0.0,0.0,0.0,190.0,0.39,0.0020457140880784,1.0
강원도,삼척시,도계읍,0.0,11507.0,5.0,0.0,0.01,724.0,5.34,0.0073700789015399,0.0
강원도,삼척시,원덕읍,0.0,5412.0,2.0,0.0,0.0,724.0,2.51,0.0034663132888792,0.0
강원도,삼척시,근덕면,0.0,5565.0,3.0,0.0,0.0,724.0,2.58,0.0035643077332988,3.0
강원도,삼척시,하장면,0.0,1366.0,0.0,0.0,0.0,724.0,0.63,0.0008749046475626,0.0
강원도,삼척시,노곡면,0.0,723.0,0.0,0.0,0.0,724.0,0.34,0.0004630717863746,0.0
강원도,삼척시,미로면,0.0,1947.0,1.0,0.0,0.0,724.0,0.9,0.0012470273417309,0.0
강원도,삼척시,가곡면,0.0,735.0,1.0,0.0,0.0,724.0,0.34,0.0004707576251526,0.0
강원도,삼척시,신기면,0.0,674.0,1.0,0.0,0.0,724.0,0.31,0.0004316879446978,0.0
강원도,삼척시,남양동,0.0,8142.0,1.0,0.0,0.01,724.0,3.78,0.0052148416108749,0.0
강원도,삼척시,교동,0.0,14802.0,1.0,0.0,0.01,724.0,6.86,0.0094804821326665,0.0
강원도,삼척시,정라동,0.0,9616.0,0.0,0.0,0.01,724.0,4.46,0.0061589188074396,0.0
강원도,삼척시,성내동,0.0,8626.0,0.0,0.0,0.01,724.0,4.0,0.0055248371082543,0.0
강원도,속초시,영랑동,0.0,5026.0,2.0,0.0,0.0,448.0,1.44,0.0032190854748535,0.0
강원도,속초시,동명동,0.0,4312.0,0.0,0.0,0.0,448.0,1.24,0.0027617780675623,0.0
강원도,속초시,금호동,0.0,6862.0,0.0,0.0,0.0,448.0,1.97,0.0043950188078879,0.0
강원도,속초시,교동,0.0,10357.0,1.0,0.0,0.01,448.0,2.97,0.0066335193519813,0.0
강원도,속초시,노학동,0.0,22790.0,3.0,0.0,0.01,448.0,6.54,0.0145966888125571,1.0
강원도,속초시,조양동,0.0,25042.0,4.0,0.0,0.02,448.0,7.19,0.0160390645565623,1.0
강원도,속초시,청호동,0.0,4879.0,1.0,0.0,0.0,448.0,1.4,0.003124933949823,0.0
강원도,속초시,대포동,0.0,3426.0,1.0,0.0,0.0,448.0,0.98,0.0021943069711198,0.0
강원도,양구군,양구읍,0.0,15009.0,3.0,0.0,0.01,1303.0,12.53,0.009613062851587,0.0
강원도,양구군,남면,0.0,3565.0,3.0,0.0,0.0,1303.0,2.98,0.0022833346036316,0.0
강원도,양구군,동면,0.0,2265.0,2.0,0.0,0.0,1303.0,1.89,0.001450702069348,0.0
강원도,양구군,방산면,0.0,1465.0,1.0,0.0,0.0,1303.0,1.22,0.0009383128174811,1.0
강원도,양구군,해안면,0.0,1362.0,1.0,0.0,0.0,1303.0,1.14,0.0008723427013033,2.0
강원도,양양군,양양읍,0.0,11944.0,2.0,0.0,0.01,150.0,1.15,0.0076499715303721,0.0
강원도,양양군,서면,0.0,3017.0,4.0,0.0,0.0,150.0,0.29,0.0019323479661028,1.0
강원도,양양군,손양면,0.0,2485.0,2.0,0.0,0.0,150.0,0.24,0.0015916091136114,1.0
강원도,양양군,현북면,0.0,2648.0,2.0,0.0,0.0,150.0,0.25,0.0016960084236793,0.0
강원도,양양군,현남면,0.0,3135.0,3.0,0.0,0.0,150.0,0.3,0.0020079253807532,1.0
강원도,양양군,강현면,0.0,4423.0,2.0,0.0,0.0,150.0,0.42,0.0028328720762588,0.0
강원도,영월군,영월읍,0.0,21767.0,9.0,0.0,0.01,178.0,2.48,0.0139414710567323,0.0
강원도,영월군,상동읍,0.0,1143.0,2.0,0.0,0.0,178.0,0.13,0.0007320761436047,0.0
강원도,영월군,중동면,0.0,1544.0,3.0,0.0,0.0,178.0,0.18,0.000988911256103,0.0
강원도,영월군,김삿갓면,0.0,1801.0,0.0,0.0,0.0,178.0,0.21,0.0011535163032652,1.0
강원도,영월군,북면,0.0,2265.0,2.0,0.0,0.0,178.0,0.26,0.001450702069348,0.0
강원도,영월군,남면,0.0,2316.0,2.0,0.0,0.0,178.0,0.26,0.0014833668841545,0.0
강원도,영월군,한반도면,0.0,3139.0,4.0,0.0,0.0,178.0,0.36,0.0020104873270125,0.0
강원도,영월군,주천면,0.0,3965.0,3.0,0.0,0.0,178.0,0.45,0.0025395292295651,0.0
강원도,영월군,수주면,0.0,2058.0,2.0,0.0,0.0,178.0,0.23,0.0013181213504274,0.0
강원도,원주시,문막읍,0.0,19728.0,7.0,0.0,0.01,206.0,2.6,0.0126355189510367,0.0
강원도,원주시,소초면,0.0,9420.0,4.0,0.0,0.01,206.0,1.24,0.0060333834407322,0.0
강원도,원주시,호저면,0.0,4088.0,4.0,0.0,0.0,206.0,0.54,0.0026183090770396,0.0
강원도,원주시,지정면,0.0,9638.0,5.0,0.0,0.01,206.0,1.27,0.0061730095118659,1.0
강원도,원주시,부론면,0.0,2391.0,1.0,0.0,0.0,206.0,0.32,0.001531403376517,0.0
강원도,원주시,귀래면,0.0,2209.0,1.0,0.0,0.0,206.0,0.29,0.0014148348217173,0.0
강원도,원주시,흥업면,0.0,9701.0,2.0,0.0,0.01,206.0,1.28,0.0062133601654504,0.0
강원도,원주시,판부면,0.0,7616.0,4.0,0.0,0.0,206.0,1.0,0.0048779456777724,0.0
강원도,원주시,신림면,0.0,3804.0,2.0,0.0,0.0,206.0,0.5,0.0024364108926269,0.0
강원도,원주시,중앙동,0.0,3014.0,0.0,0.0,0.0,206.0,0.4,0.0019304265064083,0.0
강원도,원주시,원인동,0.0,5870.0,0.0,0.0,0.0,206.0,0.77,0.003759656135573,0.0
강원도,원주시,개운동,0.0,13886.0,3.0,0.0,0.01,206.0,1.83,0.0088937964392789,0.0
강원도,원주시,명륜1동,0.0,9494.0,0.0,0.0,0.01,206.0,1.25,0.0060807794465299,0.0
강원도,원주시,명륜2동,0.0,17143.0,0.0,0.0,0.01,206.0,2.26,0.0109798611809419,0.0
강원도,원주시,단구동,0.0,46006.0,8.0,0.0,0.03,206.0,6.07,0.0294662249017333,0.0
강원도,원주시,일산동,0.0,8436.0,3.0,0.0,0.01,206.0,1.11,0.005403144660936,0.0
강원도,원주시,학성동,0.0,5370.0,2.0,0.0,0.0,206.0,0.71,0.0034394128531562,0.0
강원도,원주시,단계동,0.0,26439.0,8.0,0.0,0.02,206.0,3.49,0.0169338242876348,0.0
강원도,원주시,우산동,0.0,14745.0,2.0,0.0,0.01,206.0,1.95,0.009443974398471,0.0
강원도,원주시,태장1동,0.0,10620.0,0.0,0.0,0.01,206.0,1.4,0.0068019673185325,0.0
강원도,원주시,태장2동,0.0,24159.0,0.0,0.0,0.02,206.0,3.19,0.0154735149198142,0.0
강원도,원주시,봉산동,0.0,9059.0,4.0,0.0,0.01,206.0,1.2,0.0058021677908273,0.0
강원도,원주시,행구동,0.0,8026.0,1.0,0.0,0.01,206.0,1.06,0.0051405451693542,0.0
강원도,원주시,무실동,0.0,35048.0,8.0,0.0,0.02,206.0,4.62,0.022447773124287,0.0
강원도,원주시,반곡관설동,0.0,41511.0,0.0,0.0,0.03,206.0,5.48,0.0265872377928064,0.0
강원도,인제군,인제읍,1.0,9716.0,6.0,0.0,0.01,3109.0,19.35,0.0062229674639229,0.0
강원도,인제군,남면,1.0,4283.0,5.0,0.0,0.0,3109.0,8.53,0.0027432039571821,0.0
강원도,인제군,북면,1.0,8740.0,6.0,0.0,0.01,3109.0,17.4,0.0055978525766454,1.0
강원도,인제군,기린면,1.0,5180.0,2.0,0.0,0.0,3109.0,10.31,0.0033177204058379,1.0
강원도,인제군,서화면,1.0,2984.0,3.0,0.0,0.0,3109.0,5.94,0.0019112119094633,0.0
강원도,인제군,상남면,1.0,1552.0,3.0,0.0,0.0,3109.0,3.09,0.0009940351486217,0.0
강원도,정선군,정선읍,0.0,11066.0,4.0,0.0,0.01,126.0,0.89,0.0070876243264483,0.0
강원도,정선군,고한읍,0.0,4527.0,2.0,0.0,0.0,126.0,0.37,0.0028994826790015,0.0
강원도,정선군,사북읍,0.0,5141.0,2.0,0.0,0.0,126.0,0.41,0.0032927414298093,0.0
강원도,정선군,신동읍,0.0,3727.0,1.0,0.0,0.0,126.0,0.3,0.0023870934271347,0.0
강원도,정선군,남면,0.0,3442.0,2.0,0.0,0.0,126.0,0.28,0.0022045547561571,0.0
강원도,정선군,북평면,0.0,2606.0,2.0,0.0,0.0,126.0,0.21,0.0016691079879562,0.0
강원도,정선군,임계면,0.0,3693.0,0.0,0.0,0.0,126.0,0.3,0.0023653168839303,0.0
강원도,정선군,화암면,0.0,1702.0,2.0,0.0,0.0,126.0,0.14,0.0010901081333467,1.0
강원도,정선군,여량면,0.0,2061.0,1.0,0.0,0.0,126.0,0.17,0.0013200428101219,1.0
강원도,철원군,철원읍,0.0,5244.0,3.0,0.0,0.0,458.0,1.54,0.0033587115459872,0.0
강원도,철원군,김화읍,0.0,3947.0,3.0,0.0,0.0,458.0,1.16,0.0025280004713981,0.0
강원도,철원군,갈말읍,0.0,12813.0,7.0,0.0,0.01,458.0,3.76,0.0082065543552125,1.0
강원도,철원군,동송읍,0.0,16361.0,7.0,0.0,0.01,458.0,4.8,0.010479000687242,1.0
강원도,철원군,서면,0.0,6183.0,5.0,0.0,0.0,458.0,1.81,0.0039601284303659,0.0
강원도,철원군,근남면,0.0,2477.0,1.0,0.0,0.0,458.0,0.73,0.0015864852210927,0.0
강원도,철원군,근북면,0.0,113.0,0.0,0.0,0.0,458.0,0.03,7.237498182619372e-05,0.0
강원도,춘천시,신북읍,1.0,8080.0,10.0,0.0,0.01,184.0,0.95,0.0051751314438552,0.0
강원도,춘천시,동면,1.0,20120.0,8.0,0.0,0.01,184.0,2.37,0.0128865896844514,0.0
강원도,춘천시,동산면,1.0,1560.0,1.0,0.0,0.0,184.0,0.18,0.0009991590411403,0.0
강원도,춘천시,신동면,1.0,2594.0,3.0,0.0,0.0,184.0,0.31,0.0016614221491782,0.0
강원도,춘천시,남면,0.0,1123.0,0.0,0.0,0.0,184.0,0.13,0.0007192664123081,0.0
강원도,춘천시,서면,1.0,4071.0,6.0,0.0,0.0,184.0,0.48,0.0026074208054374,1.0
강원도,춘천시,사북면,1.0,2674.0,4.0,0.0,0.0,184.0,0.32,0.0017126610743649,0.0
강원도,춘천시,북산면,0.0,992.0,2.0,0.0,0.0,184.0,0.12,0.0006353626723149,1.0
강원도,춘천시,동내면,1.0,17901.0,6.0,0.0,0.01,184.0,2.11,0.0114653499970857,0.0
강원도,춘천시,남산면,0.0,3742.0,6.0,0.0,0.0,184.0,0.44,0.0023967007256072,1.0
강원도,춘천시,교동,1.0,4369.0,2.0,0.0,0.0,184.0,0.51,0.0027982858017578,0.0
강원도,춘천시,조운동,0.0,3231.0,0.0,0.0,0.0,184.0,0.38,0.0020694120909772,0.0
강원도,춘천시,약사명동,0.0,2758.0,2.0,0.0,0.0,184.0,0.33,0.0017664619458109,0.0
강원도,춘천시,근화동,1.0,9196.0,1.0,0.0,0.01,184.0,1.08,0.0058899144502095,0.0
강원도,춘천시,소양동,0.0,10931.0,1.0,0.0,0.01,184.0,1.29,0.0070011586401957,0.0
강원도,춘천시,후평1동,0.0,13013.0,3.0,0.0,0.01,184.0,1.53,0.0083346516681792,0.0
강원도,춘천시,후평2동,0.0,15730.0,4.0,0.0,0.01,184.0,1.85,0.010074853664832,0.0
강원도,춘천시,후평3동,0.0,18286.0,4.0,0.0,0.01,184.0,2.15,0.0117119373245467,0.0
강원도,춘천시,효자1동,0.0,5073.0,2.0,0.0,0.0,184.0,0.6,0.0032491883434007,0.0
강원도,춘천시,효자2동,0.0,12918.0,2.0,0.0,0.01,184.0,1.52,0.00827380544452,0.0
강원도,춘천시,효자3동,0.0,5335.0,2.0,0.0,0.0,184.0,0.63,0.0034169958233871,0.0
강원도,춘천시,석사동,1.0,38051.0,6.0,0.0,0.02,184.0,4.48,0.0243711542784822,0.0
강원도,춘천시,퇴계동,1.0,44442.0,9.0,0.0,0.03,184.0,5.24,0.0284645039143336,0.0
강원도,춘천시,강남동,0.0,17944.0,0.0,0.0,0.01,184.0,2.11,0.0114928909193736,0.0
강원도,춘천시,신사우동,0.0,20868.0,0.0,0.0,0.01,184.0,2.46,0.0133656736349469,0.0
강원도,태백시,황지동,0.0,6759.0,4.0,0.0,0.0,2351.0,10.18,0.0043290486917101,0.0
강원도,태백시,황연동,0.0,4825.0,0.0,0.0,0.0,2351.0,7.27,0.0030903476753219,0.0
강원도,태백시,삼수동,0.0,6364.0,0.0,0.0,0.0,2351.0,9.58,0.0040760564986008,0.0
강원도,태백시,상장동,0.0,14295.0,0.0,0.0,0.01,2351.0,21.53,0.0091557554442959,0.0
강원도,태백시,문곡소도동,0.0,4053.0,1.0,0.0,0.0,2351.0,6.1,0.0025958920472704,0.0
강원도,태백시,장성동,0.0,3561.0,3.0,0.0,0.0,2351.0,5.36,0.0022807726573723,0.0
강원도,태백시,구문소동,0.0,2917.0,0.0,0.0,0.0,2351.0,4.39,0.0018682993096195,0.0
강원도,태백시,철암동,0.0,2338.0,1.0,0.0,0.0,2351.0,3.52,0.0014974575885808,0.0
강원도,평창군,평창읍,0.0,8834.0,4.0,0.0,0.01,390.0,2.21,0.0056580583137397,0.0
강원도,평창군,미탄면,0.0,1747.0,1.0,0.0,0.0,390.0,0.44,0.0011189300287642,2.0
강원도,평창군,방림면,0.0,2512.0,2.0,0.0,0.0,390.0,0.63,0.0016089022508619,0.0
강원도,평창군,대화면,0.0,5537.0,4.0,0.0,0.0,390.0,1.38,0.0035463741094834,0.0
강원도,평창군,봉평면,0.0,5916.0,1.0,0.0,0.0,390.0,1.48,0.0037891185175554,2.0
강원도,평창군,용평면,0.0,3261.0,4.0,0.0,0.0,390.0,0.81,0.0020886266879222,0.0
강원도,평창군,진부면,0.0,9278.0,4.0,0.0,0.01,390.0,2.32,0.0059424343485258,0.0
강원도,평창군,대관령면,0.0,5936.0,3.0,0.0,0.0,390.0,1.48,0.003801928248852,2.0
강원도,홍천군,홍천읍,0.0,35919.0,14.0,0.0,0.02,229.0,5.27,0.0230056369222571,0.0
강원도,홍천군,화촌면,0.0,4736.0,3.0,0.0,0.0,229.0,0.69,0.0030333443710518,0.0
강원도,홍천군,두촌면,0.0,2425.0,1.0,0.0,0.0,229.0,0.36,0.0015531799197214,0.0
강원도,홍천군,내촌면,0.0,2447.0,2.0,0.0,0.0,229.0,0.36,0.0015672706241477,0.0
강원도,홍천군,서석면,0.0,3945.0,2.0,0.0,0.0,229.0,0.58,0.0025267194982684,0.0
강원도,홍천군,동면,0.0,3872.0,2.0,0.0,0.0,229.0,0.57,0.0024799639790355,0.0
강원도,홍천군,남면,0.0,6169.0,2.0,0.0,0.0,229.0,0.9,0.0039511616184583,0.0
강원도,홍천군,서면,0.0,3886.0,4.0,0.0,0.0,229.0,0.57,0.0024889307909432,2.0
강원도,홍천군,북방면,0.0,4014.0,1.0,0.0,0.0,229.0,0.59,0.0025709130712419,0.0
강원도,홍천군,내면,0.0,3485.0,3.0,0.0,0.0,229.0,0.51,0.002232095678445,0.0
강원도,화천군,화천읍,0.0,8664.0,4.0,0.0,0.01,596.0,3.31,0.005549175597718,0.0
강원도,화천군,간동면,0.0,2827.0,4.0,0.0,0.0,596.0,1.08,0.0018106555187845,0.0
강원도,화천군,하남면,0.0,2875.0,5.0,0.0,0.0,596.0,1.1,0.0018413988738965,0.0
강원도,화천군,상서면,0.0,4236.0,8.0,0.0,0.0,596.0,1.62,0.002713101088635,0.0
강원도,화천군,사내면,0.0,6740.0,7.0,0.0,0.0,596.0,2.57,0.0043168794469782,0.0
강원도,횡성군,횡성읍,0.0,21273.0,6.0,0.0,0.01,128.0,1.74,0.0136250706937045,0.0
강원도,횡성군,우천면,0.0,4703.0,3.0,0.0,0.0,128.0,0.39,0.0030122083144122,0.0
강원도,횡성군,안흥면,0.0,3153.0,2.0,0.0,0.0,128.0,0.26,0.0020194541389202,0.0
강원도,횡성군,둔내면,0.0,5872.0,1.0,0.0,0.0,128.0,0.48,0.0037609371087027,1.0
강원도,횡성군,갑천면,0.0,2362.0,1.0,0.0,0.0,128.0,0.19,0.0015128292661368,1.0
강원도,횡성군,청일면,0.0,2431.0,1.0,0.0,0.0,128.0,0.2,0.0015570228391104,0.0
강원도,횡성군,공근면,0.0,3626.0,2.0,0.0,0.0,128.0,0.3,0.0023224042840865,0.0
강원도,횡성군,서원면,0.0,2165.0,2.0,0.0,0.0,128.0,0.18,0.0013866534128646,1.0
강원도,횡성군,강림면,0.0,1755.0,1.0,0.0,0.0,128.0,0.14,0.0011240539212829,0.0
경기도,가평군,가평읍,1.0,10052.0,6.0,0.0,0.31,1584.0,490.02,0.3093589388483673,0.0
경기도,가평군,설악면,1.0,5002.0,4.0,0.0,0.15,1584.0,243.84,0.1539408487982027,0.0
경기도,가평군,청평면(외서면),0.0,7270.0,4.0,0.0,0.22,1584.0,354.4,0.2237404979534053,1.0
경기도,가평군,상면,1.0,2903.0,3.0,0.0,0.09,1584.0,141.52,0.0893423198842827,1.0
경기도,가평군,조종면,1.0,5204.0,1.0,0.0,0.16,1584.0,253.69,0.1601575724002092,0.0
경기도,가평군,북면,1.0,2062.0,2.0,0.0,0.06,1584.0,100.52,0.0634598221155325,0.0
광주광역시,광산구,송정1동,0.0,11615.0,2.0,0.0,0.01,3201.0,25.12,0.0078464195939587,0.0
광주광역시,광산구,송정2동,0.0,6870.0,3.0,0.0,0.0,3201.0,14.86,0.0046409731046488,0.0
광주광역시,광산구,도산동,1.0,16382.0,14.0,0.0,0.01,3201.0,35.42,0.0110667280058745,0.0
광주광역시,광산구,신흥동,0.0,4972.0,0.0,0.0,0.0,3201.0,10.75,0.0033587945089249,0.0
광주광역시,광산구,어룡동,0.0,34436.0,0.0,0.0,0.02,3201.0,74.46,0.0232629621297945,0.0
광주광역시,광산구,우산동,1.0,24767.0,8.0,0.0,0.02,3201.0,53.56,0.016731147144518,0.0
광주광역시,광산구,월곡1동,0.0,13198.0,7.0,0.0,0.01,3201.0,28.54,0.0089158024796442,0.0
광주광역시,광산구,월곡2동,0.0,20417.0,8.0,0.0,0.01,3201.0,44.15,0.013792539720177,0.0
광주광역시,광산구,비아동,1.0,7905.0,11.0,0.0,0.01,3201.0,17.09,0.005340159009061,0.0
광주광역시,광산구,첨단1동,0.0,26073.0,0.0,0.0,0.02,3201.0,56.38,0.0176134049137569,0.0
광주광역시,광산구,첨단2동,0.0,44762.0,0.0,0.0,0.03,3201.0,96.79,0.0302386081674371,0.0
광주광역시,광산구,신가동,1.0,22049.0,18.0,0.0,0.01,3201.0,47.68,0.0148950241607573,0.0
광주광역시,광산구,운남동,1.0,31745.0,21.0,0.0,0.02,3201.0,68.65,0.0214450787783229,0.0
광주광역시,광산구,신창동,1.0,34769.0,15.0,0.0,0.02,3201.0,75.18,0.0234879175946924,0.0
광주광역시,광산구,수완동,0.0,79513.0,13.0,0.0,0.05,3201.0,171.94,0.0537143660072701,0.0
광주광역시,광산구,하남동,0.0,25118.0,4.0,0.0,0.02,3201.0,54.32,0.0169682623642751,0.0
광주광역시,광산구,임곡동,0.0,2239.0,2.0,0.0,0.0,3201.0,4.84,0.0015125383961148,0.0
광주광역시,광산구,동곡동,0.0,2063.0,0.0,0.0,0.0,3201.0,4.46,0.0013936430152679,0.0
광주광역시,광산구,평동,0.0,5412.0,0.0,0.0,0.0,3201.0,11.7,0.0036560329610421,0.0
광주광역시,광산구,삼도동,0.0,2354.0,1.0,0.0,0.0,3201.0,5.09,0.0015902257188272,0.0
광주광역시,광산구,본량동,0.0,2117.0,0.0,0.0,0.0,3201.0,4.58,0.0014301222798459,0.0
광주광역시,남구,양림동,0.0,7592.0,2.0,0.0,0.01,1627.0,8.34,0.0051287143828958,0.0
광주광역시,남구,방림1동,0.0,7274.0,2.0,0.0,0.0,1627.0,7.99,0.0049138920470474,0.0
광주광역시,남구,방림2동,0.0,9421.0,3.0,0.0,0.01,1627.0,10.35,0.0063642805849922,0.0
광주광역시,남구,봉선1동,0.0,15122.0,6.0,0.0,0.01,1627.0,16.62,0.0102155451657205,0.0
광주광역시,남구,봉선2동,0.0,29602.0,6.0,0.0,0.02,1627.0,32.54,0.0199973924081246,0.0
광주광역시,남구,사직동,1.0,5669.0,0.0,0.0,0.0,1627.0,6.23,0.0038296472387561,0.0
광주광역시,남구,월산동,0.0,8005.0,1.0,0.0,0.01,1627.0,8.8,0.005407713202724,0.0
광주광역시,남구,월산4동,0.0,9225.0,1.0,0.0,0.01,1627.0,10.14,0.0062318743654127,0.0
광주광역시,남구,월산5동,0.0,6830.0,1.0,0.0,0.0,1627.0,7.51,0.0046139514271836,0.0
광주광역시,남구,백운1동,0.0,13019.0,1.0,0.0,0.01,1627.0,14.31,0.0087948804729874,0.0
광주광역시,남구,백운2동,0.0,6311.0,2.0,0.0,0.0,1627.0,6.94,0.0042633451620726,0.0
광주광역시,남구,주월1동,0.0,20184.0,6.0,0.0,0.01,1627.0,22.18,0.0136351384489422,0.0
광주광역시,남구,주월2동,0.0,8698.0,6.0,0.0,0.01,1627.0,9.56,0.0058758637648087,0.0
광주광역시,남구,효덕동,1.0,47590.0,0.0,0.0,0.03,1627.0,52.31,0.032149040764227,0.0
광주광역시,남구,송암동,0.0,19302.0,0.0,0.0,0.01,1627.0,21.21,0.0130393104608344,0.0
광주광역시,남구,대촌동,1.0,5769.0,0.0,0.0,0.0,1627.0,6.34,0.0038972014324191,0.0
광주광역시,동구,충장동,0.0,4502.0,0.0,0.0,0.0,1581.0,4.81,0.0030412897987087,0.0
광주광역시,동구,동명동,0.0,4066.0,1.0,0.0,0.0,1581.0,4.34,0.002746753514338,0.0
광주광역시,동구,계림1동,0.0,6108.0,4.0,0.0,0.0,1581.0,6.52,0.0041262101489367,0.0
광주광역시,동구,계림2동,0.0,8271.0,4.0,0.0,0.01,1581.0,8.83,0.0055874073578676,0.0
광주광역시,동구,산수1동,0.0,8900.0,5.0,0.0,0.01,1581.0,9.51,0.006012323236008,0.0
광주광역시,동구,산수2동,0.0,10764.0,5.0,0.0,0.01,1581.0,11.5,0.0072715334058865,0.0
광주광역시,동구,지산1동,0.0,4818.0,2.0,0.0,0.0,1581.0,5.15,0.0032547610506838,0.0
광주광역시,동구,지산2동,0.0,5086.0,2.0,0.0,0.0,1581.0,5.43,0.0034358062897007,0.0
광주광역시,동구,서남동,0.0,3787.0,0.0,0.0,0.0,1581.0,4.04,0.0025582773140182,0.0
광주광역시,동구,학동,0.0,8629.0,3.0,0.0,0.01,1581.0,9.22,0.0058292513711812,0.0
광주광역시,동구,학운동,0.0,12387.0,0.0,0.0,0.01,1581.0,13.23,0.0083679379690372,0.0
광주광역시,동구,지원1동,0.0,8266.0,0.0,0.0,0.01,1581.0,8.83,0.0055840296481845,0.0
광주광역시,동구,지원2동,0.0,14920.0,0.0,0.0,0.01,1581.0,15.94,0.0100790856945212,0.0
광주광역시,북구,중흥1동,0.0,4978.0,2.0,0.0,0.0,3785.0,12.73,0.0033628477605447,0.0
광주광역시,북구,중흥2동,0.0,7074.0,2.0,0.0,0.0,3785.0,18.09,0.0047787836597214,0.0
광주광역시,북구,중흥3동,0.0,4814.0,3.0,0.0,0.0,3785.0,12.31,0.0032520588829373,0.0
광주광역시,북구,중앙동,0.0,3387.0,0.0,0.0,0.0,3785.0,8.66,0.0022880605393661,0.0
광주광역시,북구,임동,0.0,8362.0,4.0,0.0,0.01,3785.0,21.38,0.005648881674101,0.0
광주광역시,북구,신안동,0.0,11009.0,2.0,0.0,0.01,3785.0,28.15,0.0074370411803609,0.0
광주광역시,북구,용봉동,0.0,40651.0,13.0,0.0,0.03,3785.0,103.94,0.0274614552659507,0.0
광주광역시,북구,운암1동,0.0,20146.0,4.0,0.0,0.01,3785.0,51.51,0.0136094678553502,0.0
광주광역시,북구,운암2동,0.0,12985.0,4.0,0.0,0.01,3785.0,33.2,0.008771912047142,0.0
광주광역시,북구,운암3동,0.0,15042.0,5.0,0.0,0.01,3785.0,38.46,0.0101615018107901,0.0
광주광역시,북구,동림동,0.0,22990.0,6.0,0.0,0.02,3785.0,58.78,0.0155307091231263,0.0
광주광역시,북구,우산동,0.0,11272.0,4.0,0.0,0.01,3785.0,28.82,0.0076147087096946,0.0
광주광역시,북구,풍향동,0.0,6190.0,3.0,0.0,0.0,3785.0,15.83,0.0041816045877404,0.0
광주광역시,북구,문화동,0.0,19346.0,0.0,0.0,0.01,3785.0,49.47,0.0130690343060461,0.0
광주광역시,북구,문흥1동,0.0,17010.0,8.0,0.0,0.01,3785.0,43.49,0.0114909683420782,0.0
광주광역시,북구,문흥2동,0.0,16835.0,8.0,0.0,0.01,3785.0,43.05,0.0113727485031679,0.0
광주광역시,북구,두암1동,0.0,8228.0,4.0,0.0,0.01,3785.0,21.04,0.0055583590545925,0.0
광주광역시,북구,두암2동,0.0,17055.0,4.0,0.0,0.01,3785.0,43.61,0.0115213677292265,0.0
광주광역시,북구,두암3동,0.0,14476.0,5.0,0.0,0.01,3785.0,37.01,0.0097791450746575,0.0
광주광역시,북구,삼각동,0.0,14801.0,10.0,0.0,0.01,3785.0,37.85,0.0099986962040623,0.0
광주광역시,북구,일곡동,0.0,31397.0,16.0,0.0,0.02,3785.0,80.28,0.0212099901843756,0.0
광주광역시,북구,매곡동,0.0,14558.0,8.0,0.0,0.01,3785.0,37.22,0.0098345395134611,0.0
광주광역시,북구,오치1동,0.0,12203.0,10.0,0.0,0.01,3785.0,31.2,0.0082436382526972,0.0
광주광역시,북구,오치2동,0.0,13113.0,10.0,0.0,0.01,3785.0,33.53,0.0088583814150306,0.0
광주광역시,북구,석곡동,0.0,2767.0,0.0,0.0,0.0,3785.0,7.08,0.0018692245386555,0.0
광주광역시,북구,건국동,0.0,51598.0,0.0,0.0,0.03,3785.0,131.93,0.0348566128462405,0.0
광주광역시,북구,양산동,0.0,36447.0,13.0,0.0,0.02,3785.0,93.19,0.0246214769643577,0.0
광주광역시,서구,양동,0.0,4214.0,3.0,0.0,0.0,3451.0,9.82,0.0028467337209592,0.0
광주광역시,서구,양3동,0.0,4905.0,0.0,0.0,0.0,3451.0,11.44,0.0033135331991707,0.0
광주광역시,서구,농성1동,0.0,11049.0,2.0,0.0,0.01,3451.0,25.76,0.0074640628578261,0.0
광주광역시,서구,농성2동,0.0,5338.0,2.0,0.0,0.0,3451.0,12.44,0.0036060428577315,0.0
광주광역시,서구,광천동,0.0,8600.0,4.0,0.0,0.01,3451.0,20.05,0.0058096606550189,0.0
광주광역시,서구,유덕동,0.0,11155.0,0.0,0.0,0.01,3451.0,26.01,0.0075356703031089,0.0
광주광역시,서구,치평동,0.0,31302.0,6.0,0.0,0.02,3451.0,72.97,0.0211458137003958,0.0
광주광역시,서구,상무1동,0.0,25407.0,0.0,0.0,0.02,3451.0,59.23,0.0171634939839612,0.0
광주광역시,서구,상무2동,0.0,24698.0,0.0,0.0,0.02,3451.0,57.58,0.0166845347508905,0.0
광주광역시,서구,화정1동,0.0,15626.0,4.0,0.0,0.01,3451.0,36.43,0.0105560183017821,0.0
광주광역시,서구,화정2동,0.0,21373.0,4.0,0.0,0.01,3451.0,49.83,0.0144383578115954,0.0
광주광역시,서구,화정3동,0.0,10675.0,5.0,0.0,0.01,3451.0,24.89,0.0072114101735264,0.0
광주광역시,서구,화정4동,0.0,16243.0,5.0,0.0,0.01,3451.0,37.87,0.0109728276766829,0.0
광주광역시,서구,서창동,0.0,5321.0,0.0,0.0,0.0,3451.0,12.4,0.0035945586448088,0.0
광주광역시,서구,금호1동,0.0,21383.0,10.0,0.0,0.01,3451.0,49.85,0.0144451132309617,0.0
광주광역시,서구,금호2동,0.0,29651.0,11.0,0.0,0.02,3451.0,69.13,0.0200304939630194,0.0
광주광역시,서구,풍암동,0.0,38587.0,11.0,0.0,0.03,3451.0,89.96,0.0260671367087461,0.0
광주광역시,서구,동천동,0.0,17139.0,3.0,0.0,0.01,3451.0,39.96,0.0115781132519035,0.0
부산광역시,서구,동대신1동,1.0,4769.0,1.0,0.0,0.04,1207.0,51.11,0.0423455661022367,0.0
부산광역시,서구,동대신2동,1.0,8225.0,0.0,0.0,0.07,1207.0,88.15,0.0730325605348913,0.0
부산광역시,서구,동대신3동,1.0,6956.0,2.0,0.0,0.06,1207.0,74.55,0.0617646797666509,0.0
부산광역시,서구,서대신1동,1.0,12051.0,1.0,0.0,0.11,1207.0,129.15,0.1070049102742827,0.0
부산광역시,서구,서대신3동,1.0,8991.0,4.0,0.0,0.08,1207.0,96.36,0.0798341339537031,3.0
부산광역시,서구,서대신4동,0.0,8250.0,0.0,0.0,0.07,1207.0,88.42,0.0732545440015627,0.0
부산광역시,서구,부민동,1.0,8337.0,4.0,0.0,0.07,1207.0,89.35,0.0740270464655792,1.0
부산광역시,서구,아미동,1.0,8071.0,2.0,0.0,0.07,1207.0,86.5,0.0716651423801955,0.0
부산광역시,서구,초장동,1.0,5109.0,0.0,0.0,0.05,1207.0,54.76,0.0453645412489677,0.0
부산광역시,서구,충무동,1.0,10435.0,0.0,0.0,0.09,1207.0,111.84,0.0926558989886433,0.0
부산광역시,서구,남부민1동,0.0,5412.0,2.0,0.0,0.05,1207.0,58.0,0.0480549808650251,1.0
부산광역시,서구,남부민2동,0.0,10544.0,5.0,0.0,0.09,1207.0,113.0,0.0936237469033306,1.0
부산광역시,서구,암남동,1.0,15471.0,3.0,0.0,0.14,1207.0,165.81,0.1373722485149306,5.0
서울특별시,강남구,신사동,0.0,16914.0,3.0,47.0,0.0,6638.0,11.26,0.0016957577582872,0.0
서울특별시,강남구,논현동,0.0,45731.0,7.0,77.0,0.0,6638.0,30.43,0.0045848822303555,0.0
서울특별시,강남구,삼성동,0.0,43968.0,10.0,51.0,0.0,6638.0,29.26,0.0044081280073532,0.0
서울특별시,강남구,대치동,0.0,83418.0,16.0,56.0,0.01,6638.0,55.52,0.0083632919877501,0.0
서울특별시,강남구,역삼동,0.0,74062.0,6.0,121.0,0.01,6638.0,49.29,0.0074252814883688,0.0
서울특별시,강남구,도곡동,0.0,56269.0,5.0,21.0,0.01,6638.0,37.45,0.0056413972626856,0.0
서울특별시,강남구,개포동,0.0,51732.0,15.0,45.0,0.01,6638.0,34.43,0.0051865283405294,0.0
서울특별시,강남구,일원동,0.0,57481.0,10.0,19.0,0.01,6638.0,38.25,0.005762909524897,0.0
서울특별시,강남구,수서동,0.0,15299.0,7.0,10.0,0.0,6638.0,10.18,0.001533841666314,0.0
서울특별시,강남구,세곡동,0.0,44475.0,3.0,6.0,0.0,6638.0,29.6,0.0044589586318922,0.0
서울특별시,강남구,압구정동,0.0,27440.0,3.0,8.0,0.0,6638.0,18.26,0.0027510696989122,0.0
서울특별시,강남구,청담동,0.0,27266.0,9.0,34.0,0.0,6638.0,18.15,0.0027336248691888,0.0
서울특별시,강동구,강일동,0.0,35778.0,8.0,14.0,0.0,3834.0,13.75,0.0035870179186473,0.0
서울특별시,강동구,상일동,0.0,33345.0,20.0,16.0,0.0,3834.0,12.82,0.0033430910754456,0.0
서울특별시,강동구,명일동,0.0,43932.0,18.0,20.0,0.0,3834.0,16.89,0.0044045187322381,0.0
서울특별시,강동구,고덕동,0.0,48671.0,20.0,19.0,0.0,3834.0,18.71,0.0048796396980961,0.0
서울특별시,강동구,암사동,0.0,69655.0,28.0,35.0,0.01,3834.0,26.77,0.0069834460596841,0.0
서울특별시,강동구,성내동,0.0,68993.0,18.0,54.0,0.01,3834.0,26.52,0.0069170755006214,0.0
서울특별시,강동구,둔촌동,0.0,26675.0,18.0,13.0,0.0,3834.0,10.25,0.0026743726027144,0.0
서울특별시,강동구,천호동,0.0,90081.0,28.0,66.0,0.01,3834.0,34.63,0.0090313086569867,0.0
서울특별시,강동구,길동,0.0,46868.0,22.0,32.0,0.0,3834.0,18.02,0.0046988751694103,0.0
서울특별시,강북구,번동,0.0,53590.0,16.0,39.0,0.01,3662.0,19.68,0.0053728070395301,0.0
서울특별시,강북구,수유동,0.0,66970.0,28.0,71.0,0.01,3662.0,24.59,0.0067142542906761,0.0
서울특별시,강북구,삼양동,0.0,24742.0,0.0,0.0,0.0,3662.0,9.08,0.0024805745805571,0.0
서울특별시,강북구,미아동,0.0,22723.0,28.0,71.0,0.0,3662.0,8.34,0.0022781544011801,0.0
서울특별시,강북구,송중동,0.0,30934.0,0.0,0.0,0.0,3662.0,11.36,0.0031013699003699,0.0
서울특별시,강북구,송천동,0.0,27871.0,0.0,0.0,0.0,3662.0,10.23,0.0027942807426524,0.0
서울특별시,강북구,삼각산동,0.0,32118.0,0.0,0.0,0.0,3662.0,11.79,0.0032200749486029,0.0
서울특별시,강북구,우이동,0.0,21076.0,4.0,5.0,0.0,3662.0,7.74,0.0021130300646601,0.0
서울특별시,강북구,인수동,0.0,31545.0,0.0,0.0,0.0,3662.0,11.58,0.0031626273196861,0.0
서울특별시,강서구,염창동,0.0,42017.0,6.0,18.0,0.0,4618.0,19.45,0.0042125253476383,0.0
서울특별시,강서구,등촌동,0.0,77214.0,13.0,54.0,0.01,4618.0,35.75,0.0077412935762322,0.0
서울특별시,강서구,화곡동,0.0,201246.0,33.0,141.0,0.02,4618.0,93.17,0.0201764494397703,0.0
서울특별시,강서구,가양동,1.0,64711.0,4.0,31.0,0.01,4618.0,29.96,0.0064877722771979,4.0
서울특별시,강서구,외발산동,0.0,37530.0,8.0,10.0,0.0,4618.0,17.38,0.0037626693075866,0.0
서울특별시,강서구,공항동,1.0,27627.0,3.0,13.0,0.0,4618.0,12.79,0.0027698178779828,0.0
서울특별시,강서구,방화동,1.0,91569.0,12.0,42.0,0.01,4618.0,42.4,0.0091804920284146,0.0
서울특별시,강서구,우장산동,0.0,43987.0,0.0,0.0,0.0,4618.0,20.37,0.0044100329025529,0.0
서울특별시,관악구,보라매동,0.0,25278.0,0.0,0.0,0.0,4920.0,12.47,0.0025343126767166,0.0
서울특별시,관악구,청림동,0.0,15711.0,0.0,0.0,0.0,4920.0,7.75,0.0015751478148546,0.0
서울특별시,관악구,행운동,0.0,29799.0,0.0,0.0,0.0,4920.0,14.7,0.0029875774765993,0.0
서울특별시,관악구,낙성대동,0.0,17579.0,0.0,0.0,0.0,4920.0,8.67,0.0017624290902761,0.0
서울특별시,관악구,중앙동,0.0,15758.0,0.0,0.0,0.0,4920.0,7.77,0.0015798599240327,0.0
서울특별시,관악구,인헌동,0.0,26500.0,0.0,0.0,0.0,4920.0,13.07,0.0026568275153489,0.0
서울특별시,관악구,남현동,0.0,18598.0,2.0,19.0,0.0,4920.0,9.17,0.0018645916275645,1.0
서울특별시,관악구,서원동,0.0,23565.0,0.0,0.0,0.0,4920.0,11.62,0.0023625713358187,0.0
서울특별시,관악구,신원동,0.0,19290.0,0.0,0.0,0.0,4920.0,9.52,0.0019339699158898,0.0
서울특별시,관악구,서림동,0.0,24410.0,0.0,0.0,0.0,4920.0,12.04,0.0024472890433836,0.0
서울특별시,관악구,신사동,0.0,25426.0,0.0,0.0,0.0,4920.0,12.54,0.0025491508077457,0.0
서울특별시,관악구,신림동,0.0,22667.0,34.0,152.0,0.0,4920.0,11.18,0.0022725399732231,0.0
서울특별시,관악구,난향동,0.0,15915.0,0.0,0.0,0.0,4920.0,7.85,0.0015956003738406,0.0
서울특별시,관악구,조원동,0.0,19232.0,0.0,0.0,0.0,4920.0,9.49,0.0019281549726487,0.0
서울특별시,관악구,대학동,0.0,24907.0,0.0,0.0,0.0,4920.0,12.29,0.0024971170915017,0.0
서울특별시,관악구,은천동,0.0,34595.0,0.0,0.0,0.0,4920.0,17.06,0.0034684131280564,0.0
서울특별시,관악구,성현동,0.0,30472.0,0.0,0.0,0.0,4920.0,15.03,0.003055050869725,0.0
서울특별시,관악구,청룡동,0.0,36325.0,0.0,0.0,0.0,4920.0,17.92,0.0036418588488698,0.0
서울특별시,관악구,난곡동,0.0,28054.0,0.0,0.0,0.0,4920.0,13.84,0.0028126278911546,0.0
서울특별시,관악구,삼성동,0.0,23935.0,0.0,0.0,0.0,4920.0,11.81,0.0023996666633915,0.0
서울특별시,관악구,미성동,0.0,31787.0,0.0,0.0,0.0,4920.0,15.68,0.0031868896690715,0.0
서울특별시,광진구,화양동,1.0,25541.0,6.0,31.0,0.0,3738.0,9.57,0.0025606804365859,0.0
서울특별시,광진구,군자동,1.0,21903.0,14.0,12.0,0.0,3738.0,8.21,0.0021959431346674,0.0
서울특별시,광진구,중곡동,1.0,85192.0,24.0,52.0,0.01,3738.0,31.93,0.0085411490448153,0.0
서울특별시,광진구,능동,1.0,11913.0,10.0,6.0,0.0,3738.0,4.46,0.0011943692902019,0.0
서울특별시,광진구,구의동,1.0,79732.0,36.0,32.0,0.01,3738.0,29.88,0.0079937423190113,0.0
서울특별시,광진구,광장동,1.0,35619.0,20.0,13.0,0.0,3738.0,13.35,0.0035710769535552,0.0
서울특별시,광진구,자양동,1.0,100209.0,44.0,54.0,0.01,3738.0,37.55,0.0100467180560604,0.0
서울특별시,구로구,신도림동,0.0,36494.0,4.0,13.0,0.0,4481.0,16.4,0.0036588023903828,0.0
서울특별시,구로구,구로동,0.0,137774.0,16.0,114.0,0.01,4481.0,61.9,0.0138128963811202,0.0
서울특별시,구로구,고척동,0.0,51400.0,7.0,27.0,0.01,4481.0,23.09,0.005153242803356,0.0
서울특별시,구로구,개봉동,0.0,88741.0,9.0,44.0,0.01,4481.0,39.87,0.0088969634165879,0.0
서울특별시,구로구,오류동,0.0,63115.0,12.0,25.0,0.01,4481.0,28.35,0.0063277610804244,0.0
서울특별시,구로구,수궁동,0.0,24297.0,0.0,0.0,0.0,4481.0,10.92,0.0024359599298276,0.0
서울특별시,구로구,가리봉동,0.0,14263.0,2.0,19.0,0.0,4481.0,6.41,0.0014299747491102,0.0
서울특별시,구로구,항동,0.0,16404.0,3.0,1.0,0.0,4481.0,7.37,0.001644626360822,0.0
서울특별시,금천구,가산동,0.0,25973.0,8.0,32.0,0.0,2952.0,7.69,0.0026039917379682,0.0
서울특별시,금천구,독산동,0.0,110856.0,40.0,75.0,0.01,2952.0,32.81,0.0111141611713782,0.0
서울특별시,금천구,시흥동,0.0,111006.0,38.0,67.0,0.01,2952.0,32.85,0.0111291998176915,0.0
서울특별시,노원구,월계동,0.0,81490.0,30.0,39.0,0.01,3969.0,32.43,0.0081699952538032,0.0
서울특별시,노원구,공릉동,0.0,78684.0,30.0,45.0,0.01,3969.0,31.31,0.0078886723101025,0.0
서울특별시,노원구,하계동,0.0,50688.0,24.0,25.0,0.01,3969.0,20.17,0.0050818593621889,0.0
서울특별시,노원구,중계동,0.0,108836.0,44.0,54.0,0.01,3969.0,43.31,0.0109116407343591,0.0
서울특별시,노원구,상계동,0.0,207334.0,80.0,116.0,0.02,3969.0,82.5,0.0207868179648059,0.0
서울특별시,도봉구,쌍문동,0.0,77641.0,20.0,42.0,0.01,2020.0,15.72,0.007784103589404,0.0
서울특별시,도봉구,방학동,0.0,77682.0,13.0,63.0,0.01,2020.0,15.73,0.0077882141527296,0.0
서울특별시,도봉구,창동,0.0,122308.0,30.0,59.0,0.01,2020.0,24.77,0.0122623116885773,0.0
서울특별시,도봉구,도봉동,0.0,49730.0,6.0,28.0,0.0,2020.0,10.07,0.004985812541068,0.0
서울특별시,동대문구,회기동,0.0,12663.0,6.0,7.0,0.0,3524.0,4.47,0.0012695625217684,0.0
서울특별시,동대문구,휘경동,0.0,40354.0,14.0,20.0,0.0,3524.0,14.26,0.0040457968888449,0.0
서울특별시,동대문구,청량리동,0.0,20432.0,2.0,14.0,0.0,3524.0,7.22,0.002048464143155,0.0
서울특별시,동대문구,용신동,0.0,32602.0,6.0,0.0,0.0,3524.0,11.52,0.0032685996473738,0.0
서울특별시,동대문구,제기동,0.0,27017.0,16.0,27.0,0.0,3524.0,9.55,0.0027086607163087,0.0
서울특별시,동대문구,전농동,0.0,50171.0,20.0,24.0,0.01,3524.0,17.73,0.0050300261612291,0.0
서울특별시,동대문구,답십리동,0.0,58997.0,26.0,22.0,0.01,3524.0,20.84,0.0059149001103034,0.0
서울특별시,동대문구,장안동,0.0,72626.0,38.0,46.0,0.01,3524.0,25.66,0.0072813115143295,0.0
서울특별시,동대문구,이문동,0.0,42152.0,18.0,19.0,0.0,3524.0,14.89,0.0042260601293203,0.0
서울특별시,동작구,노량진동,0.0,45899.0,8.0,31.0,0.0,3149.0,14.49,0.0046017255142264,0.0
서울특별시,동작구,상도1동,0.0,46840.0,8.0,4.0,0.0,3149.0,14.79,0.0046960679554318,0.0
서울특별시,동작구,상도동,0.0,82884.0,32.0,57.0,0.01,3149.0,26.17,0.0083097544068747,0.0
서울특별시,동작구,사당동,0.0,105944.0,28.0,53.0,0.01,3149.0,33.45,0.0106216956334388,0.0
서울특별시,동작구,대방동,0.0,39172.0,16.0,15.0,0.0,3149.0,12.37,0.0039272923558961,0.0
서울특별시,동작구,신대방동,0.0,46289.0,8.0,26.0,0.0,3149.0,14.61,0.004640825994641,0.0
서울특별시,동작구,흑석동,0.0,34544.0,18.0,22.0,0.0,3149.0,10.91,0.0034632999883099,0.0
서울특별시,마포구,용강동,0.0,22257.0,0.0,1.0,0.0,4347.0,9.7,0.0022314343399668,0.0
서울특별시,마포구,대흥동,0.0,15863.0,4.0,11.0,0.0,4347.0,6.91,0.001590386976452,0.0
서울특별시,마포구,염리동,0.0,12864.0,6.0,3.0,0.0,4347.0,5.61,0.0012897143078282,0.0
서울특별시,마포구,신수동,0.0,23606.0,4.0,8.0,0.0,4347.0,10.29,0.0023666818991444,0.0
서울특별시,마포구,서교동,0.0,26981.0,4.0,44.0,0.0,4347.0,11.76,0.0027050514411935,0.0
서울특별시,마포구,합정동,0.0,18576.0,2.0,12.0,0.0,4347.0,8.1,0.0018623859594385,0.0
서울특별시,마포구,망원동,0.0,40329.0,6.0,17.0,0.0,4347.0,17.58,0.0040432904477927,0.0
서울특별시,마포구,연남동,0.0,16682.0,4.0,11.0,0.0,4347.0,7.27,0.0016724979853226,0.0
서울특별시,마포구,성산동,0.0,60348.0,18.0,27.0,0.01,4347.0,26.3,0.0060503481847652,0.0
서울특별시,마포구,상암동,0.0,31997.0,16.0,27.0,0.0,4347.0,13.94,0.0032079437739101,0.0
서울특별시,마포구,도화동,0.0,21998.0,10.0,11.0,0.0,4347.0,9.59,0.0022054676106658,0.0
서울특별시,마포구,서강동,0.0,25386.0,0.0,0.0,0.0,4347.0,11.06,0.0025451405020621,0.0
서울특별시,마포구,공덕동,0.0,38750.0,4.0,6.0,0.0,4347.0,16.89,0.0038849836309347,0.0
서울특별시,마포구,아현동,0.0,26221.0,4.0,8.0,0.0,4347.0,11.43,0.0026288556332062,0.0
서울특별시,서대문구,천연동,0.0,18049.0,4.0,1.0,0.0,2768.0,5.01,0.0018095501820578,0.0
서울특별시,서대문구,홍제동,1.0,54921.0,24.0,22.0,0.01,2768.0,15.24,0.0055062499611501,0.0
서울특별시,서대문구,홍은동,0.0,51000.0,8.0,39.0,0.01,2768.0,14.15,0.0051131397465206,0.0
서울특별시,서대문구,남가좌동,0.0,47137.0,10.0,23.0,0.0,2768.0,13.08,0.0047258444751321,0.0
서울특별시,서대문구,북가좌동,0.0,51504.0,6.0,27.0,0.01,2768.0,14.29,0.0051636695981332,0.0
서울특별시,서대문구,충현동,0.0,21229.0,0.0,0.0,0.0,2768.0,5.89,0.0021283694838997,0.0
서울특별시,서대문구,북아현동,0.0,16956.0,6.0,9.0,0.0,2768.0,4.71,0.0016999685792549,0.0
서울특별시,서대문구,신촌동,0.0,23051.0,0.0,4.0,0.0,2768.0,6.4,0.0023110389077852,0.0
서울특별시,서대문구,연희동,0.0,39105.0,2.0,27.0,0.0,2768.0,10.85,0.0039205750938762,0.0
서울특별시,서초구,서초동,0.0,171512.0,32.0,72.0,0.02,4926.0,84.7,0.0171953887099067,3.0
서울특별시,서초구,잠원동,0.0,28532.0,14.0,11.0,0.0,4926.0,14.09,0.002860551044073,1.0
서울특별시,서초구,반포동,0.0,103250.0,22.0,34.0,0.01,4926.0,50.99,0.010351601545652,0.0
서울특별시,서초구,방배동,0.0,104555.0,34.0,59.0,0.01,4926.0,51.64,0.0104824377685776,0.0
서울특별시,서초구,양재동,0.0,67599.0,16.0,39.0,0.01,4926.0,33.39,0.0067773163475499,1.0
서울특별시,서초구,내곡동,0.0,18146.0,6.0,9.0,0.0,4926.0,8.96,0.0018192751733404,1.0
서울특별시,성동구,왕십리2동,0.0,17416.0,10.0,0.0,0.0,2379.0,4.15,0.0017460870946157,0.0
서울특별시,성동구,마장동,0.0,23459.0,12.0,16.0,0.0,2379.0,5.6,0.0023519440257573,0.0
서울특별시,성동구,사근동,0.0,13512.0,8.0,10.0,0.0,2379.0,3.22,0.0013546812599016,0.0
서울특별시,성동구,행당동,0.0,38514.0,8.0,18.0,0.0,2379.0,9.19,0.0038613228274018,0.0
서울특별시,성동구,응봉동,0.0,15824.0,4.0,7.0,0.0,2379.0,3.77,0.0015864769284106,0.0
서울특별시,성동구,금호동1가,0.0,15795.0,6.0,4.0,0.0,2379.0,3.77,0.00158356945679,0.0
서울특별시,성동구,금호동4가,0.0,14842.0,8.0,11.0,0.0,2379.0,3.54,0.0014880239238795,0.0
서울특별시,성동구,성수동1가,0.0,30589.0,8.0,28.0,0.0,2379.0,7.3,0.0030667810138493,0.0
서울특별시,성동구,성수동2가,0.0,28603.0,6.0,63.0,0.0,2379.0,6.82,0.0028676693366613,0.0
서울특별시,성동구,송정동,0.0,11143.0,4.0,5.0,0.0,2379.0,2.66,0.0011171709057937,0.0
서울특별시,성동구,용답동,0.0,12724.0,6.0,10.0,0.0,2379.0,3.03,0.0012756782379358,0.0
서울특별시,성동구,왕십리도선동,0.0,27588.0,0.0,0.0,0.0,2379.0,6.58,0.0027659078299413,0.0
서울특별시,성동구,금호동2가,0.0,11792.0,4.0,3.0,0.0,2379.0,2.81,0.0011822381155092,0.0
서울특별시,성동구,금호동3가,0.0,11792.0,2.0,7.0,0.0,2379.0,2.81,0.0011822381155092,0.0
서울특별시,성동구,옥수동,0.0,26912.0,10.0,4.0,0.0,2379.0,6.42,0.0026981336638894,0.0
서울특별시,성북구,돈암동,0.0,40065.0,26.0,6.0,0.0,2701.0,10.85,0.0040168224302813,0.0
서울특별시,성북구,안암동,0.0,16580.0,8.0,0.0,0.0,2701.0,4.49,0.0016622717058296,0.0
서울특별시,성북구,보문동,0.0,16123.0,10.0,0.0,0.0,2701.0,4.37,0.0016164539633951,0.0
서울특별시,성북구,정릉동,0.0,85505.0,32.0,38.0,0.01,2701.0,23.15,0.0085725296867891,0.0
서울특별시,성북구,길음동,0.0,53735.0,28.0,10.0,0.01,2701.0,14.55,0.005387344397633,0.0
서울특별시,성북구,월곡동,0.0,47504.0,16.0,0.0,0.0,2701.0,12.86,0.0047626390297787,0.0
서울특별시,성북구,장위동,0.0,51914.0,22.0,28.0,0.01,2701.0,14.06,0.0052047752313896,0.0
서울특별시,성북구,성북동,0.0,17404.0,10.0,7.0,0.0,2701.0,4.71,0.0017448840029106,3.0
서울특별시,성북구,삼선동,0.0,24144.0,4.0,0.0,0.0,2701.0,6.54,0.0024206205105881,0.0
서울특별시,성북구,동선동,0.0,16246.0,14.0,0.0,0.0,2701.0,4.4,0.001628785653372,0.0
서울특별시,성북구,종암동,0.0,41353.0,20.0,9.0,0.0,2701.0,11.2,0.0041459542732915,0.0
서울특별시,성북구,석관동,0.0,36483.0,10.0,13.0,0.0,2701.0,9.88,0.0036576995563198,0.0
서울특별시,송파구,풍납동,0.0,40288.0,18.0,18.0,0.0,5425.0,21.91,0.0040391798844671,0.0
서울특별시,송파구,거여동,0.0,32407.0,10.0,16.0,0.0,5425.0,17.63,0.0032490494071665,0.0
서울특별시,송파구,마천동,0.0,39628.0,18.0,26.0,0.0,5425.0,21.55,0.0039730098406886,0.0
서울특별시,송파구,방이동,0.0,42973.0,6.0,35.0,0.0,5425.0,23.37,0.0043083716534751,0.0
서울특별시,송파구,오륜동,0.0,18495.0,6.0,0.0,0.0,5425.0,10.06,0.0018542650904293,0.0
서울특별시,송파구,오금동,0.0,39668.0,10.0,25.0,0.0,5425.0,21.58,0.0039770201463721,0.0
서울특별시,송파구,송파동,0.0,45990.0,16.0,17.0,0.0,5425.0,25.01,0.0046108489596565,0.0
서울특별시,송파구,석촌동,0.0,33166.0,10.0,21.0,0.0,5425.0,18.04,0.0033251449575118,0.0
서울특별시,송파구,삼전동,0.0,31839.0,2.0,11.0,0.0,5425.0,17.32,0.0031921030664601,0.0
서울특별시,송파구,가락동,0.0,88448.0,26.0,46.0,0.01,5425.0,48.11,0.0088675879274559,0.0
서울특별시,송파구,문정동,0.0,50415.0,4.0,43.0,0.01,5425.0,27.42,0.0050544890258987,0.0
서울특별시,송파구,잠실동,0.0,149873.0,38.0,41.0,0.02,5425.0,81.52,0.0150259135927506,0.0
서울특별시,송파구,장지동,0.0,30370.0,14.0,13.0,0.0,5425.0,16.52,0.0030448245902319,0.0
서울특별시,송파구,위례동,0.0,30366.0,6.0,0.0,0.0,5425.0,16.52,0.0030444235596636,0.0
서울특별시,양천구,목동,0.0,153553.0,40.0,65.0,0.02,3087.0,47.52,0.0153948617156368,0.0
서울특별시,양천구,신월동,0.0,125465.0,46.0,93.0,0.01,3087.0,38.83,0.0125788250646511,0.0
서울특별시,양천구,신정동,0.0,177372.0,50.0,86.0,0.02,3087.0,54.9,0.0177828984925461,0.0
서울특별시,영등포구,여의동,0.0,34463.0,12.0,0.0,0.0,5464.0,18.88,0.0034551791193007,0.0
서울특별시,영등포구,당산동,0.0,59208.0,14.0,3.0,0.01,5464.0,32.43,0.0059360544727841,0.0
서울특별시,영등포구,양평동,0.0,40305.0,18.0,2.0,0.0,5464.0,22.08,0.0040408842643826,0.0
서울특별시,영등포구,신길동,0.0,102288.0,40.0,44.0,0.01,5464.0,56.03,0.0102551536939627,0.0
서울특별시,영등포구,대림동,0.0,64500.0,26.0,45.0,0.01,5464.0,35.33,0.0064666179147172,0.0
서울특별시,영등포구,영등포동,0.0,52539.0,10.0,9.0,0.01,5464.0,28.78,0.005267436257695,0.0
서울특별시,영등포구,도림동,0.0,20665.0,2.0,8.0,0.0,5464.0,11.32,0.0020718241737617,0.0
서울특별시,영등포구,문래동,0.0,33399.0,10.0,0.0,0.0,5464.0,18.3,0.0033485049881184,0.0
서울특별시,용산구,후암동,0.0,18202.0,6.0,7.0,0.0,3041.0,5.55,0.0018248896012974,0.0
서울특별시,용산구,용산동2가,0.0,11272.0,2.0,5.0,0.0,3041.0,3.44,0.0011301041416231,0.0
서울특별시,용산구,남영동,0.0,8116.0,0.0,3.0,0.0,3041.0,2.47,0.0008136910231913,0.0
서울특별시,용산구,원효로2가,0.0,14331.0,2.0,1.0,0.0,3041.0,4.37,0.0014367922687722,0.0
서울특별시,용산구,효창동,0.0,10326.0,2.0,5.0,0.0,3041.0,3.15,0.0010352604122072,0.0
서울특별시,용산구,용문동,0.0,12455.0,0.0,2.0,0.0,3041.0,3.8,0.001248708932214,0.0
서울특별시,용산구,이촌동,0.0,37769.0,14.0,10.0,0.0,3041.0,11.52,0.0037866308840458,0.0
서울특별시,용산구,이태원동,0.0,19559.0,6.0,29.0,0.0,3041.0,5.96,0.0019609392216116,0.0
서울특별시,용산구,서빙고동,0.0,14000.0,2.0,2.0,0.0,3041.0,4.27,0.0014036069892409,0.0
서울특별시,용산구,보광동,0.0,15531.0,2.0,9.0,0.0,3041.0,4.74,0.0015571014392786,0.0
서울특별시,용산구,청파동1가,0.0,6832.0,0.0,7.0,0.0,3041.0,2.08,0.0006849602107495,0.0
서울특별시,용산구,청파동2가,0.0,6832.0,2.0,1.0,0.0,3041.0,2.08,0.0006849602107495,0.0
서울특별시,용산구,청파동3가,0.0,6832.0,0.0,3.0,0.0,3041.0,2.08,0.0006849602107495,0.0
서울특별시,용산구,원효로1가,0.0,16730.0,0.0,8.0,0.0,3041.0,5.1,0.0016773103521429,0.0
서울특별시,용산구,한강로1가,0.0,7365.0,0.0,3.0,0.0,3041.0,2.25,0.0007383975339828,0.0
서울특별시,용산구,한강로2가,0.0,7366.0,2.0,8.0,0.0,3041.0,2.25,0.0007384977916249,0.0
서울특별시,용산구,한강로3가,0.0,7366.0,2.0,7.0,0.0,3041.0,2.25,0.0007384977916249,0.0
서울특별시,용산구,한남동,0.0,23761.0,10.0,21.0,0.0,3041.0,7.24,0.0023822218336681,0.0
서울특별시,은평구,녹번동,0.0,37815.0,8.0,12.0,0.0,3686.0,13.97,0.0037912427355818,0.0
서울특별시,은평구,불광동,0.0,68762.0,12.0,24.0,0.01,3686.0,25.41,0.006893915985299,0.0
서울특별시,은평구,갈현동,0.0,52635.0,7.0,21.0,0.01,3686.0,19.45,0.0052770609913355,0.0
서울특별시,은평구,구산동,0.0,32997.0,7.0,11.0,0.0,3686.0,12.19,0.0033082014159988,0.0
서울특별시,은평구,대조동,0.0,27579.0,2.0,8.0,0.0,3686.0,10.19,0.0027650055111625,0.0
서울특별시,은평구,응암동,0.0,84594.0,12.0,25.0,0.01,3686.0,31.26,0.0084811949748463,0.0
서울특별시,은평구,신사동,0.0,48721.0,9.0,16.0,0.0,3686.0,18.0,0.0048846525802005,0.0
서울특별시,은평구,증산동,0.0,15487.0,2.0,8.0,0.0,3686.0,5.72,0.0015526901030267,0.0
서울특별시,은평구,수색동,0.0,11258.0,3.0,5.0,0.0,3686.0,4.16,0.0011287005346339,0.0
서울특별시,은평구,진관동,0.0,57256.0,11.0,13.0,0.01,3686.0,21.16,0.0057403515554271,2.0
서울특별시,은평구,역촌동,0.0,46939.0,3.0,16.0,0.0,3686.0,17.35,0.0047059934619986,0.0
서울특별시,종로구,사직동,0.0,9806.0,2.0,3.0,0.0,3608.0,3.55,0.0009831264383211,0.0
서울특별시,종로구,삼청동,0.0,2909.0,0.0,3.0,0.0,3608.0,1.05,0.0002916494808358,0.0
서울특별시,종로구,부암동,0.0,10333.0,2.0,8.0,0.0,3608.0,3.74,0.0010359622157019,0.0
서울특별시,종로구,평창동,0.0,18582.0,4.0,13.0,0.0,3608.0,6.72,0.001862987505291,0.0
서울특별시,종로구,무악동,0.0,8592.0,2.0,8.0,0.0,3608.0,3.11,0.0008614136608255,0.0
서울특별시,종로구,교남동,0.0,10634.0,0.0,1.0,0.0,3608.0,3.85,0.0010661397659705,0.0
서울특별시,종로구,가회동,0.0,4418.0,2.0,0.0,0.0,3608.0,1.6,0.0004429382627476,0.0
서울특별시,종로구,종로1가,0.0,2112.0,0.0,0.0,0.0,3608.0,0.76,0.0002117441400912,0.0
서울특별시,종로구,종로2가,0.0,2112.0,0.0,3.0,0.0,3608.0,0.76,0.0002117441400912,0.0
서울특별시,종로구,종로3가,0.0,2112.0,0.0,3.0,0.0,3608.0,0.76,0.0002117441400912,0.0
서울특별시,종로구,종로4가,0.0,2113.0,0.0,3.0,0.0,3608.0,0.76,0.0002118443977332,0.0
서울특별시,종로구,종로5가,0.0,2845.0,0.0,4.0,0.0,3608.0,1.03,0.0002852329917421,0.0
서울특별시,종로구,종로6가,0.0,2846.0,2.0,0.0,0.0,3608.0,1.03,0.0002853332493842,0.0
서울특별시,종로구,이화동,0.0,8111.0,2.0,2.0,0.0,3608.0,2.93,0.0008131897349809,0.0
서울특별시,종로구,창신동,0.0,22574.0,10.0,24.0,0.0,3608.0,8.17,0.0022632160125089,0.0
서울특별시,종로구,숭인동,0.0,16566.0,6.0,19.0,0.0,3608.0,5.99,0.0016608680988404,0.0
서울특별시,종로구,청운동,0.0,12633.0,4.0,1.0,0.0,3608.0,4.57,0.0012665547925057,0.0
서울특별시,종로구,혜화동,0.0,19734.0,6.0,7.0,0.0,3608.0,7.14,0.0019784843089772,0.0
서울특별시,중구,소공동,0.0,3011.0,0.0,3.0,0.0,4132.0,1.25,0.0003018757603288,0.0
서울특별시,중구,회현동1가,0.0,5757.0,2.0,2.0,0.0,4132.0,2.38,0.0005771832455042,0.0
서울특별시,중구,명동1가,0.0,1843.0,0.0,1.0,0.0,4132.0,0.76,0.0001847748343693,0.0
서울특별시,중구,명동2가,0.0,1842.0,2.0,2.0,0.0,4132.0,0.76,0.0001846745767272,0.0
서울특별시,중구,필동2가,0.0,2377.0,2.0,3.0,0.0,4132.0,0.98,0.0002383124152446,0.0
서울특별시,중구,필동3가,0.0,2377.0,0.0,2.0,0.0,4132.0,0.98,0.0002383124152446,0.0
서울특별시,중구,장충동1가,0.0,2734.0,0.0,3.0,0.0,4132.0,1.13,0.0002741043934703,0.0
서울특별시,중구,장충동2가,0.0,2734.0,2.0,6.0,0.0,4132.0,1.13,0.0002741043934703,0.0
서울특별시,중구,광희1가,0.0,3208.0,0.0,0.0,0.0,4132.0,1.33,0.0003216265158203,0.0
서울특별시,중구,광희2가,0.0,3208.0,0.0,0.0,0.0,4132.0,1.33,0.0003216265158203,0.0
서울특별시,중구,을지로1가,0.0,281.0,0.0,1.0,0.0,4132.0,0.12,2.8172397426907668e-05,0.0
서울특별시,중구,을지로2가,0.0,281.0,0.0,2.0,0.0,4132.0,0.12,2.8172397426907668e-05,0.0
서울특별시,중구,을지로3가,0.0,281.0,0.0,3.0,0.0,4132.0,0.12,2.8172397426907668e-05,0.0
서울특별시,중구,을지로4가,0.0,281.0,0.0,2.0,0.0,4132.0,0.12,2.8172397426907668e-05,0.0
서울특별시,중구,을지로5가,0.0,281.0,0.0,5.0,0.0,4132.0,0.12,2.8172397426907668e-05,0.0
서울특별시,중구,을지로6가,0.0,281.0,0.0,1.0,0.0,4132.0,0.12,2.8172397426907668e-05,0.0
서울특별시,중구,을지로7가,0.0,281.0,0.0,2.0,0.0,4132.0,0.12,2.8172397426907668e-05,0.0
서울특별시,중구,황학동,0.0,13531.0,4.0,11.0,0.0,4132.0,5.61,0.0013565861551013,0.0
서울특별시,중구,중림동,0.0,12801.0,2.0,4.0,0.0,4132.0,5.3,0.0012833980763766,0.0
서울특별시,중구,신당동,0.0,20058.0,38.0,56.0,0.0,4132.0,8.31,0.0020109677850139,0.0
서울특별시,중구,다산동,0.0,14725.0,0.0,0.0,0.0,4132.0,6.1,0.0014762937797552,0.0
서울특별시,중구,약수동,0.0,17354.0,0.0,0.0,0.0,4132.0,7.19,0.0017398711208062,0.0
서울특별시,중구,청구동,0.0,14281.0,0.0,0.0,0.0,4132.0,5.92,0.0014317793866678,0.0
서울특별시,중구,동화동,0.0,10827.0,0.0,0.0,0.0,4132.0,4.49,0.0010854894908936,0.0
서울특별시,중랑구,상봉동,0.0,45126.0,8.0,25.0,0.0,4130.0,18.69,0.0045242263568919,0.0
서울특별시,중랑구,중화동,0.0,46473.0,12.0,28.0,0.0,4130.0,19.24,0.0046592734007853,0.0
서울특별시,중랑구,묵동,0.0,55260.0,10.0,18.0,0.01,4130.0,22.88,0.0055402373018182,0.0
서울특별시,중랑구,신내동,0.0,61133.0,14.0,17.0,0.01,4130.0,25.31,0.0061290504338047,1.0
서울특별시,중랑구,면목동,0.0,143278.0,28.0,72.0,0.01,4130.0,59.33,0.014364714443176,1.0
서울특별시,중랑구,망우동,0.0,48292.0,12.0,36.0,0.0,4130.0,20.0,0.0048416420517445,2.0
전라남도,신안군,지도읍,1.0,4798.0,2.0,0.0,0.12,460.0,53.7,0.1167339788818062,0.0
전라남도,신안군,압해읍,1.0,6533.0,6.0,0.0,0.16,460.0,73.12,0.1589460366892122,0.0
전라남도,신안군,증도면,0.0,1948.0,2.0,0.0,0.05,460.0,21.8,0.0473942873826091,0.0
전라남도,신안군,임자면,0.0,3290.0,2.0,0.0,0.08,460.0,36.82,0.0800447666780205,1.0
전라남도,신안군,자은면,0.0,2331.0,2.0,0.0,0.06,460.0,26.09,0.0567125687314485,0.0
전라남도,신안군,비금면,0.0,3638.0,2.0,0.0,0.09,460.0,40.72,0.0885115079558172,0.0
전라남도,신안군,도초면,1.0,2908.0,2.0,0.0,0.07,460.0,32.55,0.0707508150454965,0.0
전라남도,신안군,흑산면,0.0,4194.0,2.0,0.0,0.1,460.0,46.94,0.1020388302272395,0.0
전라남도,신안군,하의면,0.0,1850.0,2.0,0.0,0.05,460.0,20.7,0.0450099751836893,0.0
전라남도,신안군,신의면,0.0,1630.0,2.0,0.0,0.04,460.0,18.24,0.0396574375942776,0.0
전라남도,신안군,장산면,0.0,1634.0,2.0,0.0,0.04,460.0,18.29,0.0397547564595396,0.0
전라남도,신안군,안좌면,0.0,3163.0,2.0,0.0,0.08,460.0,35.4,0.076954892705951,0.0
전라남도,신안군,팔금면,0.0,1055.0,2.0,0.0,0.03,460.0,11.81,0.0256678507128606,0.0
전라남도,신안군,암태면,1.0,2130.0,0.0,0.0,0.05,460.0,23.84,0.0518222957520315,0.0
전라북도,고창군,고창읍,1.0,21643.0,3.0,0.0,0.11,363.0,41.15,0.1133645863342325,1.0
전라북도,고창군,고수면,1.0,2308.0,2.0,0.0,0.01,363.0,4.39,0.0120891496215593,0.0
전라북도,고창군,아산면,1.0,2717.0,2.0,0.0,0.01,363.0,5.17,0.0142314642642013,0.0
전라북도,고창군,무장면,1.0,2879.0,2.0,0.0,0.02,363.0,5.47,0.0150800094282796,0.0
전라북도,고창군,공음면,1.0,2564.0,2.0,0.0,0.01,363.0,4.88,0.0134300604981274,0.0
전라북도,고창군,상하면,1.0,2467.0,2.0,0.0,0.01,363.0,4.69,0.0129219809863028,0.0
전라북도,고창군,해리면,1.0,2881.0,4.0,0.0,0.02,363.0,5.48,0.0150904852945027,0.0
전라북도,고창군,성송면,1.0,1853.0,2.0,0.0,0.01,363.0,3.52,0.0097058900557839,0.0
전라북도,고창군,대산면,0.0,3412.0,4.0,0.0,0.02,363.0,6.49,0.0178718277767592,0.0
전라북도,고창군,심원면,1.0,2577.0,2.0,0.0,0.01,363.0,4.9,0.0134981536285781,0.0
전라북도,고창군,흥덕면,1.0,3155.0,2.0,0.0,0.02,363.0,6.0,0.0165256789670795,0.0
전라북도,고창군,성내면,1.0,1994.0,2.0,0.0,0.01,363.0,3.79,0.0104444386245187,0.0
전라북도,고창군,신림면,1.0,2290.0,4.0,0.0,0.01,363.0,4.35,0.0119948668255506,0.0
전라북도,고창군,부안면,1.0,2684.0,4.0,0.0,0.01,363.0,5.1,0.0140586124715187,0.0
전라북도,무주군,무주읍,1.0,9551.0,3.0,0.0,0.05,156.0,7.8,0.0500274991488358,0.0
전라북도,무주군,무풍면,1.0,2280.0,1.0,0.0,0.01,156.0,1.86,0.0119424874944346,0.0
전라북도,무주군,설천면,1.0,4085.0,2.0,0.0,0.02,156.0,3.34,0.0213969567608621,1.0
전라북도,무주군,적상면,1.0,2632.0,2.0,0.0,0.01,156.0,2.15,0.0137862399497158,0.0
전라북도,무주군,안성면,1.0,4285.0,1.0,0.0,0.02,156.0,3.5,0.0224445433831809,0.0
전라북도,무주군,부남면,1.0,1419.0,2.0,0.0,0.01,156.0,1.16,0.0074326270853521,0.0
전라북도,정읍시,신태인읍,0.0,5664.0,3.0,0.0,0.03,866.0,25.69,0.0296676531440693,0.0
전라북도,정읍시,북면,0.0,4533.0,3.0,0.0,0.02,866.0,20.56,0.0237435507948563,0.0
전라북도,정읍시,입암면,0.0,2883.0,2.0,0.0,0.02,866.0,13.08,0.0151009611607259,0.0
전라북도,정읍시,소성면,0.0,2160.0,1.0,0.0,0.01,866.0,9.8,0.0113139355210433,0.0
전라북도,정읍시,고부면,0.0,2888.0,1.0,0.0,0.02,866.0,13.1,0.0151271508262839,0.0
전라북도,정읍시,영원면,0.0,1838.0,1.0,0.0,0.01,866.0,8.34,0.00962732105911,0.0
전라북도,정읍시,덕천면,0.0,1877.0,2.0,0.0,0.01,866.0,8.51,0.0098316004504622,0.0
전라북도,정읍시,이평면,0.0,2139.0,1.0,0.0,0.01,866.0,9.7,0.0112039389256999,0.0
전라북도,정읍시,정우면,0.0,2622.0,2.0,0.0,0.01,866.0,11.89,0.0137338606185999,0.0
전라북도,정읍시,태인면,0.0,3577.0,2.0,0.0,0.02,866.0,16.23,0.0187360867401723,0.0
전라북도,정읍시,감곡면,0.0,2874.0,1.0,0.0,0.02,866.0,13.04,0.0150538197627216,0.0
전라북도,정읍시,옹동면,0.0,1736.0,1.0,0.0,0.01,866.0,7.87,0.0090930518817274,0.0
전라북도,정읍시,칠보면,0.0,2380.0,2.0,0.0,0.01,866.0,10.8,0.0124662808055941,0.0
전라북도,정읍시,산내면,0.0,1231.0,1.0,0.0,0.01,866.0,5.58,0.0064478956603724,0.0
전라북도,정읍시,산외면,0.0,2152.0,1.0,0.0,0.01,866.0,9.76,0.0112720320561506,0.0
전라북도,정읍시,수성동,0.0,18063.0,3.0,0.0,0.09,866.0,81.93,0.0946127857947254,0.0
전라북도,정읍시,장명동,0.0,3057.0,1.0,0.0,0.02,866.0,13.87,0.0160123615221433,0.0
전라북도,정읍시,내장상동,0.0,20778.0,0.0,0.0,0.11,866.0,94.25,0.1088337741927035,0.0
전라북도,정읍시,시기동,0.0,3471.0,2.0,0.0,0.02,866.0,15.74,0.0181808658303433,0.0
전라북도,정읍시,초산동,0.0,11030.0,0.0,0.0,0.06,866.0,50.03,0.0577744022208836,0.0
전라북도,정읍시,연지동,0.0,6130.0,3.0,0.0,0.03,866.0,27.81,0.0321085299740722,0.0
전라북도,정읍시,농소동,0.0,4189.0,0.0,0.0,0.02,866.0,19.0,0.0219417018044679,0.0
전라북도,정읍시,상교동,0.0,3967.0,0.0,0.0,0.02,866.0,17.99,0.020778880653694,0.0
충청남도,아산시,염치읍,0.0,6980.0,3.0,0.0,0.02,1463.0,30.66,0.0209563040045155,0.0
충청남도,아산시,배방읍,0.0,74906.0,20.0,0.0,0.22,1463.0,329.02,0.2248929667281144,0.0
충청남도,아산시,송악면,1.0,4355.0,2.0,0.0,0.01,1463.0,19.13,0.0130751724841927,1.0
충청남도,아산시,탕정면,0.0,21879.0,5.0,0.0,0.07,1463.0,96.1,0.0656881053459591,0.0
충청남도,아산시,음봉면,1.0,20996.0,5.0,0.0,0.06,1463.0,92.22,0.0630370428193134,0.0
충청남도,아산시,둔포면,1.0,25135.0,6.0,0.0,0.08,1463.0,110.4,0.0754637107669767,0.0
충청남도,아산시,영인면,1.0,6397.0,3.0,0.0,0.02,1463.0,28.1,0.0192059422230495,0.0
충청남도,아산시,인주면,1.0,7478.0,2.0,0.0,0.02,1463.0,32.85,0.0224514672415139,0.0
충청남도,아산시,선장면,1.0,3664.0,2.0,0.0,0.01,1463.0,16.09,0.011000558434462,0.0
충청남도,아산시,도고면,1.0,4630.0,2.0,0.0,0.01,1463.0,20.34,0.0139008148339408,0.0
충청남도,아산시,신창면,0.0,25247.0,5.0,0.0,0.08,1463.0,110.9,0.0757999723785104,0.0
충청남도,아산시,온양1동,0.0,10085.0,0.0,0.0,0.03,1463.0,44.3,0.0302785567171259,0.0
충청남도,아산시,온양2동,0.0,7869.0,0.0,0.0,0.02,1463.0,34.56,0.0236253805460648,0.0
충청남도,아산시,온양3동,0.0,37848.0,0.0,0.0,0.11,1463.0,166.24,0.1136324060118772,0.0
충청남도,아산시,온양4동,0.0,19078.0,0.0,0.0,0.06,1463.0,83.8,0.0572785627217975,1.0
충청남도,아산시,온양5동,0.0,26973.0,0.0,0.0,0.08,1463.0,118.48,0.0809820039991113,0.0
충청남도,아산시,온양6동,0.0,29554.0,0.0,0.0,0.09,1463.0,129.81,0.0887310327434744,0.0
충청북도,진천군,진천읍,1.0,31917.0,12.0,0.0,0.38,980.0,371.19,0.3787693585711743,0.0
충청북도,진천군,덕산면,0.0,22439.0,5.0,0.0,0.27,980.0,260.97,0.2662908680947012,0.0
충청북도,진천군,초평면,1.0,3508.0,4.0,0.0,0.04,980.0,40.8,0.0416305702248857,0.0
충청북도,진천군,문백면,1.0,4147.0,4.0,0.0,0.05,980.0,48.23,0.0492137898297039,0.0
충청북도,진천군,백곡면,1.0,2167.0,2.0,0.0,0.03,980.0,25.2,0.0257164896457604,0.0
충청북도,진천군,이월면,0.0,8078.0,6.0,0.0,0.1,980.0,93.95,0.0958642378211594,0.0
충청북도,진천군,광혜원면,1.0,12009.0,3.0,0.0,0.14,980.0,139.66,0.1425146858126149,0.0
